	Name	Categories	Extrainfo
Slim	Aarons	Photography, Portrait, USA	difficult to prompt (faces), start with 768px + Highres. Fix
Edwin Austin	Abbey	Illustration, Painting, Oil, Pastel, Ink, USA, 19th Century	
Tomma	Abts	Illustration, Painting, Oil, Acrylic, Pattern, Germany	
Andreas	Achenbach	Painting, Oil, Landscape, Marine, Germany, 19th Century	
Norman	Ackroyd	Aquatint, Landscape, B&W, UK	
Ansel	Adams	Photography, Landscape, B&W, USA	
Art (Arthur)	Adams	Illustration, Comic, DC Comics, Marvel, Cover Art, B&W, USA	512px + Highres. Fix, DPM++ 2M Karras, Denoising 0.6
Neal	Adams	Illustration, Comic, DC Comics, Marvel, Cover Art, USA	512px + Highres. Fix, sometimes problems with eyes
Josh	Adamski	Photography, Photo Manipulation, Impressionism, Israel	
Etel	Adnan	Painting, Oil, Expressionism, Abstract, Lebanese, American	
Mattias	Adolfsson	Illustration, Watercolor, Ink, Sweden	
Alena	Aenami	Illustration, Concept Art, Landscape, Ukraine	
Pieter	Aertsen	Painting, Oil, Still Life, Genre Painting, Renaissance, Netherlands, 16th Century	start with 768px
Leonid	Afremov	Painting, Belarus	
Petros	Afshar	Illustration, UK	
Yaacov	Agam	Painting, Sculpture, Installation, Pattern, Concretism, Israel	start with 768px + Highres. Fix
Eileen	Agar	Painting, Oil, Photography, Abstract, Surrealism, UK	
Ivan	Aivazovsky	Painting, Oil, Marine, Crimea, 19th Century	
David	Aja	Illustration, Comic, Cover Art, Spain	
Sherry	Akrami	Photography, Photo Manipulation, Landscape, B&W, Iran	
Alessio	Albi	Photography, Portrait, Italy	
Ivan	Albright	Painting, Oil, Portrait, Realism, USA	start with 768px
Rafael	Albuquerque	Comic, DC Comics, Brazil	
Miles	Aldridge	Photography, Portrait, UK	
Shahab	Alizadeh	Illustration, Concept Art, Austria	
Helen	Allingham	Illustration, Watercolor, Ink, Children's Book, UK, 19th Century	
Alessandro	Allori	Painting, Oil, Portrait, Mythology, Renaissance, Italy, 16th Century	start with 768px
Mike	Allred	Comic, DC Comics, USA	
Albrecht	Altdorfer	Painting, Oil, Engraving, Germany, 16th Century	
Yoshitaka	Amano	Illustration, Character Design, Game Art, Japan	512px + Highres. Fix
Tarsila do	Amaral	Painting, Oil, Brazil	
Cuno	Amiet	Painting, Oil, Landscape, Portrait, Expressionism, Switzerland	
Fernando	Amorsolo	Painting, Oil, Portrait, Landscape, Philippines	
Jay	Anacleto	Comic, DC Comics, Marvel, Cover Art, USA	
Anna	Ancher	Painting, Oil, Portrait, Denmark, 19th Century	
Richard	Anderson	Illustration, Concept Art, Game Art, UK	
Wes	Anderson	Movie Director, USA	
Alex	Andreev	Illustration, Concept Art, Russia	
Esao	Andrews	Painting, Oil, Surrealism, USA	512px + Highres. Fix (1024)
Pietro	Annigoni	Painting, Oil, Portrait, Italy	output quite generic, not bad enough to add to 'not available'
Martin	Ansin	Illustration, Poster, B&W, Uruguay	
Chiho	Aoshima	Illustration, Superflat, Japan	512px + Highres. Fix
Karel	Appel	Painting, Oil, Acrylic, Abstract, Netherlands	
Sabbas (Peter Polach)	Apterus	Illustration, Concept Art, Fantasy, Horror, Slovakia	
Nobuyoshi	Araki	Photography, Portrait, B&W, Japan	potentially NSFW
Shinji	Aramaki	Movie Director, Anime, Japan	
Alexander	Archipenko	Sculpture, Painting, Ink, Oil, Gouache, Cubism, Ukraine, USA	
Giuseppe	Arcimboldo	Painting, Oil, Still Life, Botanical, Italy, 16th Century	
Mordecai	Ardon	Painting, Oil, Poland, Israel	
Mark	Arian	Painting, Oil, Portrait, USA	
Abram	Arkhipov	Painting, Oil, Pastel, Portrait, Landscape, Russia, 19th Century	output quite generic, but okay for what it is
Rolf	Armstrong	Painting, Pastel, Portrait, Pin-Ups, Cover Art, Nudity, USA	
Alois	Arnegger	Painting, Oil, Landscape, Austria	
Gerd	Arntz	Illustration, Graphic Design, Icon, Pictogram, Germany	
Floris	Arntzenius	Illustration, Painting, Oil, Watercolor, Portrait, Landscape, Netherlands, 19th Century	
Jean	Arp	Painting, Lithography, Sculpture, Dada, Surrealism, France, Germany	
Agostino	Arrivabene	Illustration, Painting, Oil, Ink, Surrealism, Italy	768px + Highres. Fix
	Artgerm (Stanley Lau)	Illustration, Concept Art, Marvel, DC Comics	
Henry	Asencio	Painting, Oil, USA	
Balthasar van der	Ast	Painting, Still Life, Oil, Botanical, 17th Century	
Nikolai	Astrup	Painting, Woodcut, Norway	
Eugène	Atget	Photography, Portrait, Landscape, B&W, France, 19th Century	
John James	Audubon	Illustration, Ornithology, Haiti, 19th Century	
Frank	Auerbach	Painting, Oil, Portrait, UK	
George	Ault	Painting, Oil, Cityscape, Portrait, USA	768px or 512px + Highres. Fix
Richard	Avedon	Photography, Portrait, B&W, USA	
Milton	Avery	Painting, Oil, Gouache, Portrait, Landscape, Expressionism, USA	
Chris	Bachalo	Comic, DC Comics, Marvel, B&W, Canada	eyes are difficult, DPM++ SDE Karras, Highres. Fix, Denoising Strength 0.7
Anne	Bachelier	Illustration, Painting, Watercolor, Surrealism, France	
Tom	Bagshaw	Painting, Portrait, UK	
Alice	Bailly	Painting, Oil, Tempera, Portrait, Cubism, Switzerland	
Karol	Bak	Illustration, Painting, Portrait, Poland	
Ralph	Bakshi	Movie Director, Animation, Comic, Palestine, USA	512px + Highres. Fix, DPM++ SDE Karras, had to use [from:to:when] for H.C.
Christopher	Balaskas	Concept Art, Character Design, Game Art, USA	
Emily	Balivet	Painting, Oil, Portrait, Mythology, USA	768px + Highres. Fix, difficult to prompt men, had to use [from:to:when]
Peder	Balke	Painting, Landscape, Oil, Norway, 19th Century	
Benedick	Bana	Concept Art, Sci-Fi, Philippines	
George	Barbier	Illustration, Painting, France	
Clive	Barker	Author, Painting, Horror, Fantasy, UK	
Wayne	Barlowe	Illustration, Painting, Concept Art, Fantasy, Sci-Fi, Horror, USA	
Ernie	Barnes	Painting, Oil, Acrylic, Portrait, USA	
Will	Barnet	Illustration, Painting, Oil, Watercolor, Portrait, USA	
Angela	Barrett	Illustration, Watercolor, Gouache, Children's Book, UK	
Paul	Barson	Photography, Botanical, USA	
Bo	Bartlett	Painting, Oil, Portrait, Realism, USA	
Casey	Baugh	Painting, Oil, Portrait, USA	
Gifford	Beal	Painting, Watercolor, Landscape, USA	
Aubrey	Beardsley	Illustration, B&W, UK	
	Beatrix Potter	Illustration, Watercolor, Children's Book, UK	
	Beeple (Mike Winkelmann)	Concept Art, Sci-Fi, USA	
Zdzisław	Beksiński	Painting, Horror, Poland	
Hans	Bellmer	Photography, Visual Arts, Germany	
George Wesley	Bellows	Painting, Oil, Portrait, USA	
Ludwig	Bemelmans	Illustration, Watercolor, Gouache, Austria, USA	512px + Highres. Fix, high denoise
Alexandre	Benois	Painting, Oil, Watercolor, Russia	quite different, but maybe still useful
Earle K.	Bergey	Illustration, Painting, Cover Art, Pin-Ups, USA	
John	Berkey	Painting, Sci-Fi, Star Wars, USA	
Gian Lorenzo	Bernini	Sculpture, Marble, Painting, Baroque, Italy, 17th Century	also did paintings, but defaults to sculptures/statues
Elsa	Beskow	Illustration, Watercolor, Children's Book, Cover Art, Sweden	difficult to prompt
James	Bidgood	Movie Director, Photography, USA	
Szymon	Biernacki	Illustration, Animation, Character Design, Spain	
Albert	Bierstadt	Painting, Oil, Landscape, USA, 19th Century	
John Thomas	Biggers	Painting, Oil, Acrylic, Portrait, USA	
Enki	Bilal	Illustration, Comic, France	
Ivan	Bilibin	Illustration, Painting, Watercolor, Ink, Gouache, Art Nouveau, Russia	
Butcher	Billy	Illustration, Painting, Cover Art, Brazil	
Ed	Binkley	Illustration, Concept Art, Fantasy, Game Art, USA	
Elmer	Bischoff	Painting, Oil, Acrylic, Portrait, USA	
Simon	Bisley	Comic, UK	
Robert	Bissell	Painting, Oil, UK	
Mary	Blair	Illustration, Disney, USA	512px + Highres. Fix, DPM2, 40 Steps
William	Blake	Illustration, Painting, Watercolor, Engraving, Symbolism, Romanticism, UK, 18th Century	
Antoine	Blanchard	Painting, Oil, Cityscape, France	
John	Blanche	Illustration, Fantasy, Sci-Fi, Warhammer, UK	
Tim	Blandin	Concept Art, Sci-Fi	sparse info, deleted DeviantArt and ArtStation profiles
Neil	Blevins	Illustration, Concept Art, Sci-Fi, Game Art, USA	
Umberto	Boccioni	Painting, Oil, Portrait, Futurism, Italy	
Brian	Bolland	Illustration, Comic, DC Comics, Cover Art, UK	
Chesley	Bonestell	Illustration, Painting, Oil, Gouache, Sci-Fi, USA	
Olivier	Bonhomme	Illustration, France	
Pierre	Bonnard	Painting, Oil, Portrait, Landscape, Post-Impressionism, France, 19th Century	
Franklin	Booth	Illustration, Watercolor, Ink, USA	
Marius	Borgeaud	Painting, Oil, Portrait, Switzerland, France, 19th Century	
Matt	Bors	Illustration, Comic, USA	512px + Highres. Fix
Hieronymus	Bosch	Painting, Oil, Netherlands, 15th Century	
Sam	Bosma	Illustration, Comic, Graphic Novel, Cover Art, USA	
Ambrosius (the Elder)	Bosschaert	Painting, Oil, Still Life, Botanical, Flemish, 17th Century	
Johfra	Bosschart	Illustration, Painting, Surrealism, Netherlands	
	Botero	Painting, Oil, Colombia	
Sandro	Botticelli	Painting, Oil, Italy, 15th Century	
François	Boucher	Painting, Illustration, Engraving, Portrait, Rococo, France, 18th Century	512px + Highres. Fix, DPM2, 40 Steps
Charlie	Bowater	Illustration, Concept Art, Portrait, UK	
David Michael	Bowers	Illustration, Painting, Oil, Cover Art, Surrealism, USA	
Frank	Bowling	Painting, Acrylic, Expressionism, UK	
Thomas Shotter	Boys	Painting, Watercolor, Cityscape, UK	Thomas the Tank Engine likes to show up
Noah	Bradley	Concept Art, DnD, MTG, USA	
Frank	Bramley	Painting, Oil, UK, 19th Century	
Victor	Brauner	Painting, Oil, Surrealism, Romania,	
George B.	Bridgman	Painting, Landscape, Portrait, Canada	
Austin	Briggs	Illustration, Comic, Cartoon, USA	
Romero	Britto	Painting, Acrylic, Pop-Art, Brazil	
Glen	Brogan	Illustration, USA	512px + Highres. Fix, Euler A
Gerald	Brom	Illustration, Fantasy, Gothic, Horror, USA	
Ford Madox	Brown	Painting, Oil, Symbolism, Romanticism, UK, 19th Century	
Edward	Burne-Jones	Painting, Oil, Watercolor, Gouache, Stained Glass, Portrait, Mythology, UK, 19th Century	
Jim	Burns	Illustration, Painting, Acrylic, Sci-Fi, Cover Art, UK	
Gaston	Bussière	Illustration, Painting, Oil, Portrait, France, 19th Century	
Arnold	Böcklin	Painting, Oil, Portrait, Landscape, Symbolism, Switzerland, 19th Century	
Francis	Cadell	Painting, Oil, Portrait, Scotland, UK	512px + Highres. Fix
Paul	Cadmus	Painting, Oil, Tempera, Portrait, Nudity, USA	
Alexandre	Calame	Painting, Oil, Landscape, Romanticism, Switzerland, 19th Century	
Clyde	Caldwell	Illustration, Painting, Oil, Acrylic, Fantasy, Cover Art, USA	512px + Highres. Fix, DPM++ SDE Karras
Fred	Calleri	Painting, Oil, Portrait, USA	
Charles	Camoin	Painting, Oil, Portrait, France	
Colin	Campbell Cooper	Painting, Oil, Watercolor, Cityscape, USA	
Pascal	Campion	Illustration, Animation, France	
Milton	Caniff	Comic, B&W, USA	
Pablo	Carpio	Character Design, Concept Art, Game Art, Spain	
Michael	Carson	Painting, Oil, Portrait, USA	
Santiago	Caruso	Illustration, Concept Art, Cover Art, Gothic, Horror, Symbolism, Surrealism, Argentina	
Didier	Cassegrain	Illustration, Comic, France	
Alfred Joseph	Casson	Painting, Landscape, Oil, Canada	
Paul	Catherall	Illustration, Linocut, Print, Cover Art, Poster, UK	
Clint	Cearley	Illustration, Blizzard, DnD, MTG, USA	
Agnes (Silvia Pelissero)	Cecile	Illustration, Painting, Watercolor, Portrait, Italy	
Marc	Chagall	Painting, Cubism, Expressionism, Belarus, France	
John	Chamberlain	Sculpture, Pop-Art, USA	
Jean Siméon	Chardin	Painting, Oil, Still Life, Portrait, 18th Century, France	
Travis	Charest	Illustration, Comic, Ink, DC Comics, Canada	
Pierre Puvis de	Chavannes	Painting, Oil, Symbolism, France, 19th Century	
Hsiao-Ron	Cheng	Illustration, Portrait, Taiwan	
Yanjun	Cheng	Illustration, Portrait	DPM++ 2M Karras
Ivan	Chermayeff	Illustration, Graphic Design, Logo, UK, USA	
Michael	Cheval	Painting, Oil, Portrait, Surrealism, Russia, USA	512px + Highres. Fix, DPM++ 2M Karras, sometimes horses (cheval = french for horse)
Sandra	Chevrier	Painting, Acrylic, Portrait, Canada	
Dale	Chihuly	Sculpture, Glas, USA	
Frank	Cho	Illustration, Comic, DC Comics, Marvel, Cover Art, South Korea, USA	
James C.	Christensen	Illustration, Painting, Oil, Mythology, Fantasy, USA	
Frederic Edwin	Church	Painting, Oil, Landscape, Romanticism, USA, 19th Century	
	Cimabue (Cenni di Pepo)	Painting, Tempera, Portrait, Mythology, Italy, 13th Century	
Mikalojus	Ciurlionis	Painting, Symbolism, Lithuania, 19th Century	
Harry	Clarke	Illustration, Stained Glass, Ireland	
Henry	Clive	Illustration, Cover Art, Portrait, Australia, USA	
Becky	Cloonan	Comic, DC Comics, B&W, USA	
Ron	Cobb	Illustration, Character Design, Concept Art, USA	
Alvin Langdon	Coburn	Photography, Portrait, B&W, USA	
Chris	Cold	Illustration, Concept Art, Game Art, Spain	
Charles Edward	Conder	Painting, Oil, Landscape, Portrait, Impressionism, UK, 19th Century	
George	Condo	Painting, Oil, Portrait, Cubism, USA	
John	Constable	Painting, Oil, Landscape, UK, 18th Century	
Yvonne	Coomber	Painting, Oil, Botanical, UK	
Richard	Corben	Comic, DC Comics, Marvel, Horror, USA	
Paul	Corfield	Painting, Landscape, UK	
Lovis	Corinth	Painting, Oil, Portrait, Impressionism, Expressionism, Germany, 19th Century	
Jean-Baptiste Camille	Corot	Painting, Oil, Landscape, Realism, France, 18th Century	
Shawn	Coss	Illustration, USA	
Francesco del	Cossa	Painting, Oil, Portrait, Mythology, Italy, 15th Century	
Walter	Crane	Illustration, Painting, Art Nouveau, Children's Book, UK, 19th Century	
Guido	Crepax	Illustration, Comic, Graphic Novel, Cover Art, Nudity, B&W, Italy	
Gregory	Crewdson	Photography, Portrait, Realism, USA	
Debbie	Criswell	Painting, USA	
Njideka Akunyili	Crosby	Painting, Oil, Acrylic, Pastels, Collage, Portrait, Nigeria, USA	
Henri Edmond	Cross	Painting, Oil, Watercolor, Landscape, Pointillism, France, 19th Century	
Nicolas de	Crécy	Comic, Disney, France	
John	Currin	Painting, Oil, Portrait, Nudity, USA	
Paul	Cézanne	Painting, Oil, Landscape, Portrait, Cubism, Impressionism, France, 19th Century	
Leonardo	Da Vinci	Painting, Oil, Portrait, Landscape, Sculpture, Italy, 15th Century	
Steven	DaLuz	Painting, USA	
Pino	Daeni	Illustration, Painting, Portrait, Cover Art, Italy	
Louise	Dahl-Wolfe	Photography, Fashion, USA	
Farel	Dalrymple	Illustration, Watercolor, Author, Comic, Graphic Novel, DC Comics, Marvel, Cover Art, USA	
Salvador	Dalí	Painting, Oil, Gouache, Portrait, Landscape, Sculpture, Surrealism, Spain	
Henry	Darger	Illstration, Watercolor, Author, USA	
Geof	Darrow	Illustration, Comic, Graphic Novel, Cover Art, USA	
Honoré	Daumier	Illustration, Cartoon, Lithography, Ink, France, 19th Century	use lithography as additional keyword if subject doesn't take the style
Jacques-Louis	David	Painting, Oil, Portrait, Neoclassicism, France, 18th Century	
Jack	Davis	Comic, Mad Magazine, USA	512px + Highres. Fix
Marc	Davis	Illustration, Animation, Character Design, Disney	
Craig	Davison	Illustration, Comic, UK	
Evelyn	De Morgan	Painting, Oil, Symbolism, Romanticism, UK, 19th Century	512px + Highres. Fix
Jonas	De Ro	Illustration, Concept Art, Belgium	
Dan	DeCarlo	Illustration, Comic, Pin-Ups, USA	512px + Highres. Fix, Euler a, eyes difficult, NSFW
Kelly Sue	DeConnick	Comic, DC Comics, Marvel, USA	
Michael	DeForge	Illustration, Comic, Graphic Novel, Canada	
Edwin	Deakin	Painting, Oil, Architecture, Landscape, Still Life, UK, USA, 19th Century	
Roger	Dean	Illustration, Painting, Acrylic, Fantasy, Cover Art, UK	start with 768px
Edgar	Degas	Painting, Oil, Portrait, Impressionism, France, 19th Century	
Robert Victor Félix	Delaunay	Painting, Oil, Watercolor, Pastel, Cubism, Abstract, France	
Nicolas	Delort	Illustration, Fantasy, MTG, Game Art, B&W, Canada, France	768px minimum
Paul	Delvaux	Painting, Oil, Ink, Watercolor, Surrealism, Belgium	
Jean	Delville	Painting, Symbolism, Belgium, 19th Century	Steps: 20, Sampler: Euler a, CFG scale: 7, Size: 512x512, Denoising strength: 0.2, Hires upscale: 2, Hires upscaler: SwinIR_4x
Wim	Delvoye	Concept Art, Belgium	
Maurice	Denis	Painting, Symbolism, France, 19th Century	
Guy	Denning	Painting, Oil, Street Art, B&W, UK	
Mike	Deodato	Comic, DC Comics, Marvel, B&W, Brazil	
Andre	Derain	Painting, Oil, Portrait, Landscape, Sculpture, Fauvism, France	
Charles Maurice	Detmold	Illustration, Watercolor, Ink, UK	
Vincent	Di Fate	Illustration, Painting, Fantasy, Sci-Fi, Cover Art, USA	
Karl Wilhelm	Diefenbach	Painting, Oil, Portrait, Landscape, Symbolism, Germany, 19th Century	
Diane	Dillon	Illustration, Children's Book, Cover Art, USA	
Steve	Ditko	Comic, Marvel, USA	
Anna	Dittmann	Illustration, Portrait, DC Comics, USA	
Gustave	Doré	Illustration, Painting, B&W, France, 19th Century	
Emory	Douglas	Illustration, Graphic Design, Print, Cover Art, Poster, USA	
David	Downton	Illustration, Fashion, Portrait, UK	
Tim	Doyle	Illustration, USA	
David C.	Driskell	Painting, Acrylic, Collage, USA	
Philippe	Druillet	Illustration, Comic, France	
Jean	Dubuffet	Painting, France	
Raymond	Duchamp-Villon	Sculpture, Drawing, Ink, France	
Jonny	Duddle	Author, Illustration, Children's Book, UK	output quite different/generic, but more colorful than the Disney artists
Edmund	Dulac	Illustration, Watercolor, Ink, France	
Asher Brown	Durand	Painting, Oil, Landscape, USA, 19th Century	
Anthonis van	Dyck	Painting, Oil, Portrait, Baroque, Belgium, 17th Century	
Chris	Dyer	Painting, Canada	
Albrecht	Dürer	Illustration, Engraving, B&W, Germany, 15th Century	
Thomas	Eakins	Painting, Oil, Landscape, Portrait, Realism, USA, 19th Century	
Eyvind	Earle	Illustration, Painting, Concept Art, Fantasy, Disney, USA	
Amy	Earles	Illustration, Painting, Oil, Gouache, USA	
Jeff	Easley	Comic, Painting, Oil, Fantasy, Marvel, USA	512px + Highres. Fix, DPM++ SDE Karras
Tristan	Eaton	Illustration, Street Art, Portrait, USA	
Tyler	Edlin	Character Design, Concept Art, Game Art, Fantasy, USA	
Jason	Edmiston	Illustration, Painting, Acrylic, Canada	
William	Eggleston	Photography, USA	
Bob	Eggleton	Illustration, Painting, Fantasy, Sci-Fi, Horror, Cover Art, MTG, USA	
Will	Eisner	Comic, USA	
Jesper	Ejsing	Illustration, Fantasy, DnD, MTG, Denmark	start with 640px or higher + Highres. Fix
	El Greco (Domínikos Theotokópoulos)	Painting, Oil, Portrait, Mythology, Greece, 16th Century	
	El Huervo (Niklas Åkerblad)	Illustration, Painting, Oil, Watercolor, Game Art, Cover Art, Sweden	
Dean	Ellis	Illustration, Painting, Sci-Fi, Cover Art, USA	
Adam	Elsheimer	Painting, Oil, Portrait, Landscape, Mythology, Germany, 16th Century	
Peter	Elson	Illustration, Painting, Sci-Fi, Cover Art, UK	
Gil	Elvgren	Illustration, Pin-Ups, USA	512px + Highres. Fix
Ed	Emshwiller	Illustration, Sci-Fi, USA	
Kilian	Eng	Illustration, Sweden	
Delphin	Enjolras	Painting, Oil, Pastel, Portrait, Nudity, France	
Hans	Erni	Painting, Sculpture, Switzerland	
Maximilian Maria	Ernst	Painting, Oil, Dada, Surrealism, Germany, France	had to use [from:to:when] for H.C.
	Erté (Romain de Tirtoff)	Illustration, Fashion, Cover Art, Art Deco, Russia, France	
Maurits Cornelis	Escher	Illustration, Surrealism, B&W, Netherlands	
Adrianus	Eversen	Painting, Watercolor, Architecture, Netherlands, 19th Century	
Glenn	Fabry	Illustration, Painting, Comic, Acrylic, Gouache, Ink, Cover Art, UK	
Anton	Fadeev	Illustration, Concept Art, Fantasy, Russia	
Shepard	Fairey	Illustration, Street Art, Portrait, USA	
Andy	Fairhurst	Illustration, Character Design, Concept Art, Australia	
John Philip	Falter	Illustration, Painting, Oil, Cover Art, USA	
Lijun	Fang	Painting, Oil, Surrealism, China	
Henri	Fantin-Latour	Painting, Oil, Still Life, Portrait, Botanical, 19th Century, France	
Duncan	Fegredo	Comic, UK	
Lyonel	Feininger	Painting, Landscape, Expressionism, USA	
Andrew	Ferez	Illustration, Fantasy, Russia	
Roberto	Ferri	Painting, Oil, Portrait, Nudity, Mythology, Italy	didn't want to blur everything, so used Dreamshaper
Hugh	Ferriss	Illustration, Architecture, Cityscape, B&W, USA, 19th Century	
Virgil	Finlay	Illustration, Fantasy, Sci-Fi, B&W, USA	
Anato	Finnstark	Illustration, Concept Art, MTG, France	
Paul Gustav	Fischer	Painting, Oil, Landscape, Portrait, Denmark	
Oskar	Fischinger	Movie Director, Animation, Abstract, Germany	
Dan	Flavin	Light Installation, Minimalism, USA	
Govert	Flinck	Painting, Oil, Portrait, Netherlands, 17th Century	
Alex Russell	Flint	Painting, Oil, Portrait, UK	
Piotr	Foksowicz	Illustration, Concept Art, Game Art, Fantasy, Poland	
Stanhope	Forbes	Painting, Oil, Landscape, Ireland, 19th Century	
Eleanor	Fortescue-Brickdale	Painting, Illustration, UK	
Chris	Foss	Illustration, Painting, Sci-Fi, Guernsey	
Hal	Foster	Illustration, Comic, Canada	
Jon	Foster	Illustration, Comic, Cover Art, Game Art, MTG, USA	
	Fra Angelico	Painting, Oil, Tempera, Portrait, Mythology, Italy, 15th Century	
Matt	Fraction	Comic, Marvel, USA	
Jean-Honoré	Fragonard	Painting, Oil, Portrait, Rococo, France, 18th Century	
Francesco	Francavilla	Comic, Graphic Novel, DC Comics, Marvel, Cover Art, Italy	
Piero della	Francesca	Painting, Oil, Italy, 15th Century	
Lisa	Frank	Illustration, Rainbow, USA	
Frank	Frazetta	Illustration, Fantasy, Sci-Fi, USA	512px + Highres. Fix
Lucian	Freud	Painting, Oil, Portrait, Expressionism, Nudity, UK	potentially NSFW
Caspar David	Friedrich	Painting, Oil, Landscape, Romanticism, Germany, 19th Century	
Chris	Friel	Photography, Landscape, B&W, UK	
Brian	Froud	Illustration, Fantasy, Concept Art, Jim Henson, UK	
Ando	Fuchs	Photography, Portrait, Landscape, B&W, Italy	
Ernst	Fuchs	Painting, Oil, Symbolism, Realism, Austria	start with 768px, DPM++ SDE Karras for cleaner details
Goro	Fujita	Illustration, Animation, Character Design, Japan, USA	
Ellen	Gallagher	Painting, Gouache, Watercolor, Collage, Portrait, USA	
Stephen	Gammell	Illustration, Watercolor, Ink, Horror, USA	
Hope	Gangloff	Painting, Portrait, USA	
Paul	Gauguin	Painting, Oil, Portrait, France, 19th Century	
Jeremy	Geddes	Illustration, Painting, Oil, Covert Art, Author, New Zealand	
Artemisia	Gentileschi	Painting, Oil, Portrait, Baroque, Italy, 17th Century	
Edwin	Georgi	Painting, Oil, Gouache, Watercolor, Portrait, Pin-Ups, USA	
Justin	Gerard	Illustration, Fantasy, USA	
Daniel F.	Gerhartz	Painting, Oil, Portrait, USA	
Atey	Ghailan	Illustration, Concept Art, Game Art, USA	
Adrian	Ghenie	Painting, Oil, Romania	
Domenico	Ghirlandaio	Painting, Oil, Portrait, Mythology, Italy, 15th Century	
Donato	Giancola	Illustration, Concept Art, Sci-Fi, Fantasy, Game Art, MTG, USA	512px + Highres. Fix
Dave	Gibbons	Illustration, Author, Comic, DC Comics, Marvel, Graphic Novel, Watchmen, UK	
Charles Dana	Gibson	Illustration, Ink, Cartoon, USA	
Ralph	Gibson	Photography, Portrait, USA	512px + Highres. Fix
Hans Rudolf	Giger	Painting, Oil, Concept Art, Cover Art, Horror, Switzerland	
James	Gilleard	Illustration, Animation, Concept Art, UK	
Sam	Gilliam	Painting, Visual Arts, USA	
William James	Glackens	Illustration, Painting, USA, 19th Century	
Milton	Glaser	Illustration, Flat Style, USA	
Warwick	Goble	Illustration, Watercolor, Ink, Children's Book, UK, 19th Century	
Basil	Gogos	Illustrator, Painting, Oil, Acrylic, Gouache, Portrait, Cover Art, Horror, Egypt, USA	wants to create basil leaves
Nan	Goldin	Photography, Portrait, USA	
Rob	Gonsalves	Painting, Oil, Acrylic, Surrealism, Canada	
Josan (Death Burger)	Gonzalez	Illustration, Cocos Islands	
Albert	Goodwin	Painting, Oil, Watercolor, Landscape, UK, 19th Century	
Misha	Gordin	Photography, Concept Art, B&W, Latvia	
Derek	Gores	Collage, USA	
Alessandro (Shout)	Gottardo	Illustration, Flat Style, Italy	DPM++ SDE Karras
J.J.	Grandville	Illustration, Painting, Lithography, France, 19th Century	
Duncan	Grant	Painting, Oil, Portrait, Scotland, UK	
Eugène	Grasset	Illustration, Lithography, Art Nouveau, Switzerland, 19th Century	768px minimum
Laurie	Greasley	Illustration, Concept Art, Scotland, UK	
Kate	Greenaway	Illustration, Watercolor, Children's Book, UK, 19th Century	
Martin	Grelle	Painting, USA	
Alex	Grey	Painting, Oil, Psychedelic Art, USA	
Peter	Gric	Illustration, Painting, Horror, Czech Republic	
Carne	Griffiths	Painting, Ink, Portrait, UK	
Gris	Grimly	Author, Illustration, Children's Book, USA	
Jordan	Grimmer	Concept Art, Game Art, UK	
John Atkinson	Grimshaw	Painting, Oil, Cityscape, UK, 19th Century	
Alex	Gross	Painting, Oil, Portrait, USA	hard to get anything besides upper body portraits
Huang	Guangjian	Illustration, Concept Art, Game Art, China	
Rebecca	Guay	Illustration, Fantasy, MTG, USA	
Sam	Guay	Painting, Watercolor, Fantasy, MTG, USA	512px + Highres. Fix, had to use [from:to:when] for H.C.
Armand	Guillaumin	Painting, Oil,Portrait, Landscape, Still Life, Impressionism, France, 19th Century	
Grégoire	Guillemin	Illustration, Painting, Pop-Art, France	
Saskia	Gutekunst	Illustration, Concept Art, Germany	
	Guweiz (Zheng Wei Gu)	Illustration, Portrait, Singapore	
Arthur	Hacker	Painting, Oil, Portrait, UK, 19th Century	
Ernst	Haeckel	Illustration, Germany, 19th Century	
Frans	Hals	Painting, Oil, Portrait, Baroque, Netherlands, 17th Century	already good at 512px
Richard	Hamilton	Painting, Oil, Acrylic, Collage, Pop-Art, UK	
Erin	Hanson	Painting, Landscape, Oil, USA	
Tomer	Hanuka	Illustration, Israel	
David A.	Hardy	Illustration, Painting, Sci-Fi, Cover Art, Landscape, UK	
Keith	Haring	Illustration, Painting, Pop-Art, USA	
Charley	Harper	Illustration, Flat Style, USA	512px + Highres. Fix
Conor	Harrington	Painting, Oil, Grafitti, Portrait, Ireland	
John	Harris	Illustration, Painting, Sci-Fi, Cover Art, UK	
Lawren	Harris	Painting, Landscape, Oil, Canada	
Marsden	Hartley	Painting, Oil, Still Life, Landscape, Moderism, USA	
Hans	Hartung	Painting, Informel, Tachisme, Abstract, B&W, Germany, France	
Kawase	Hasui	Illustration, Woodcut, Japan	
Naoto	Hattori	Painting, Fantasy, Japan	512px + Highres. Fix, DPM2++ Karas, 40 Steps
Cornelis de	Heem	Painting, Oil, Still Life, Botanical, 17th Century, Netherlands	
Brent	Heighton	Illustration, Painting, Oil, Watercolor, Cityscape, Canada	
Lowell	Herrero	Painting, Oil, Naive Art, USA	
F. Scott	Hess	Painting, Oil, Portrait, Realism, USA	
Stephen	Hickman	Illustration, Fantasy, Sci-Fi, Cover Art, USA	
Utagawa	Hiroshige	Illustration, Woodcut, Ukiyo-e, Japan, 19th Century	
Bryan	Hitch	Comic, DC Comics, Marvel, UK	
Filip	Hodas	3D, Landscape, Czech Republic	
Ferdinand	Hodler	Painting, Oil, Art Nouveau, Symbolism, Switzerland, 19th Century	
	Hokusai (Katsushika Hokusai)	Painting, Ink, Woodblock Print, Ukiyo-e, Japan, 18th Century	
Ambrosius	Holbein	Painting, Oil, Woodcut, Portrait, Mythology, Germany, 16th Century	seems different enough from Hans Holbein
Hans	Holbein	Painting, Oil, Portrait, Germany, 15th Century	
Winslow	Homer	Illustration, Painting, Oil, Landscape, Realism, USA, 19th Century	
Frank	Hong	Illustration, Concept Art, Game Art, Animation, Canada	
Pieter de	Hooch	Painting, Oil, Portrait, Netherlands, 17th Century	difficult to generate faces, Highres. Fix
Edward	Hopper	Painting, Oil, Realism, USA	512px + Highres. Fix
Aaron	Horkey	Illustration, B&W, USA	
Alex	Horley	Illustration, Comic, Nudity, DC Comics, Marvel, Hearthstone, Cover Art, Game Art, USA	has problem with faces, DPM++ 2M Karras, Highres. Fix 512px -> 1024px, Denoising Strength 0.5
Edward Atkinson	Hornel	Painting, Oil, Portrait, Scotland, UK, 19th Century	
John	Howe	Illustration, Concept Art, Tolkien, Canada	
John	Hoyland	Painting, Acrylic, Abstract, UK	
Sebastien	Hue	Illustration, Concept Art, France	
Adam	Hughes	Illustration, Comic, DC Comics, Marvel, USA	
Edward Robert	Hughes	Painting, Oil, Watercolor, Tempera, Portrait, UK	
George	Hurrell	Photography, Portrait, B&W, USA	
Michael	Hutter	Illustration, Painting, Germany	
Duy	Huynh	Painting, Acrylic, Surrealism, Vietnam, USA	
Catherine	Hyde	Illustration, USA	
Hannah	Höch	Painting, Oil, Tempera, Watercolor, Collage, Portrait, Dada, Germany	had to use [from:to:when] for H.C.
Louis	Icart	Illustration, Painting, France, 19th Century	
Stuart	Immonen	Comic, DC Comics, Marvel, Canada	512px + Highres. Fix
Ismail	Inceoglu	Illustration, Concept Art, Fantasy, Bulgaria	
Carmine	Infantino	Comic, DC Comics, Marvel, USA	
Robert	Ingpen	Illustration, Children's Book, Australia	
Jean-Auguste-Dominique	Ingres	Painting, Oil, Portrait, Neoclassicism, Orientalism, France, 19th Century	
Takehiko	Inoue	Illustration, Manga, Japan	
Sui	Ishida	Illustration, Manga, Japan	
Johannes	Itten	Painting, Oil, Watercolor, Expressionism, Bauhaus, Switzerland	
Junji	Itō	Illustration, Manga, Horror, B&W, Japan	
Jorge	Jacinto	Illustration, Concept Art, Sci-Fi, Fantasy, Game Art, MTG, Portugal	
Bill	Jacklin	Painting, Oil, Pastel, Portrait, Landscape, Still Life, UK	
Marcin	Jakubowski	Illustration, Character Design, Concept Art, Poland	
Alexander	Jansson	Illustration, Sweden	
Aaron	Jasinski	Illustration, Children's Book, Cover Art, USA	512px + Highres. Fix
James	Jean	Illustration, Painting, Taiwan	
Oliver	Jeffers	Author, Illustration, Children's Book, Australia	
Ellen	Jewett	Sculpture, Canada	
Ruan	Jia	Illustration, Concept Art, Game Art, China	
Phil	Jimenez	Comic, DC Comics, USA	
Dorothy	Johnstone	Painting, Oil, Watercolor, Gouache, Portrait, Scotland, UK	
(Android) Andrew	Jones	Illustration, Concept Art, Game Art, USA	
Jeffrey Catherine	Jones	Illustration, Cover Art, USA	
Loui	Jover	Collage, Ink, B&W, Australia	
Jean	Jullien	Illustration, Flat Style, France	
Mandy	Jurgens	Illustration, Portrait, USA	
Joe	Jusko	Illustration, Comic, Fantasy, DC Comics, Marvel, USA	512px + Highres. Fix
Shintarō	Kago	Illustration, Manga, Horror, Japan	
Hayv	Kahraman	Painting, Oil, Portrait, Iraq, USA	
Michael William	Kaluta	Illustration, Comic, DC Comics, Marvel, Cover Art, Guatemala, USA	
Wassily	Kandinsky	Painting, Expressionism, Abstract, Russia	
Wadim	Kashin	Concept Art, Sci-Fi, Poland	
Alex	Katz	Painting, Pop-Art, USA	
Audrey	Kawasaki	Illustration, Painting, Oil, Charcoal, Portrait, USA	
Glen	Keane	Illustration, Animation, Disney, USA	
Kim	Keever	Photography, USA	
Andy	Kehoe	Illustration, Fantasy, USA	
Ken	Kelly	Painting, Fantasy, USA	512px + Highres. Fix
Frank	Kelly-Freas	Illustration, Painting, Fantasy, Sci-Fi, Cover Art, USA	
William	Kentridge	Illustration, Charcoal, B&W, South Africa	
Brian	Kesinger	Illustration, Comic, Disney, USA	
Jeremiah	Ketner	Illustration, USA, Japan	
Anselm	Kiefer	Painting, Oil, Acrylic, Germany	
Sam	Kieth	Comic, DC Comics, USA	
Jung-Gi	Kim	Illustration, B&W, South Korea	
Thomas	Kinkade	Painting, Oil, USA	
Jack	Kirby	Comic, DC Comics, Marvel, USA	
Ernst Ludwig	Kirchner	Painting, Oil, Portrait, Landscape, Expressionism, Germany	
Raphael	Kirchner	Illustration, Painting, Art Nouveau, Austria, 19th Century	
Utamaro	Kitagawa	Woodblock Print, Woodcut, Ukiyo-e, Japan, 18th Century	Kitagawa = Surname
Tatsuro	Kiuchi	Illustration, Painting, Japan	
Abdul Mati	Klarwein	Painting, Oil, Portrait, Cover Art, Surrealism, Germany, France	
Jon	Klassen	Illustration, Animation, Children's Book, Canada	512px + Highres. Fix
Paul	Klee	Painting, Oil, Watercolor, Expressionism, Bauhaus, Switzerland	had to use [from:to:when] for H.C.
Gustav	Klimt	Painting, Oil, Symbolism, Art Nouveau, Austria, 19th Century	
Hilma af	Klint	Painting, Oil, Watercolor, Abstract, Symbolism, Sweden	
Ferdinand	Knab	Painting, Oil, Architecture, Germany, 19th Century	512px + Highres. Fix
Nick	Knight	Photography, Fashion, UK	
Winifred Margaret	Knights	Painting, Oil, Naive Art, UK	
Ayami	Kojima	Illustration, Character Design, Concept Art, Konami, Japan	
Oskar	Kokoschka	Painting, Oil, Portrait, Landscape, Expressionism, Austria	
Käthe	Kollwitz	Painting, Lithography, Expressionism, B&W, Sculpture, Germany	
Satoshi	Kon	Anime, Japan	
Willem de	Kooning	Painting, Oil, Abstract, Expressionism, Netherlands, USA	
Jeff	Koons	Sculpture, Postmodernism, USA	had to use [from:to:when] for H.C.
Ohara	Koson	Illustration, Painting, Ukiyo-e, Japan	
Bella	Kotak	Photography, Portrait, UK	
Ivan (Ivan Nikolaevič Kramskoj)	Kramskoi	Painting, Oil, Portrait, Realism, Russia, 19th Century	start with 768px, used 30 steps
Ranganath	Krishnamani	Illustration, Flat Style, India	
Germaine	Krull	Photography, Portrait, B&W, Germany	
Alfred	Kubin	Author, Illustration, Expressionism, Symbolism, B&W, Austria, Hungary	
Maciej	Kuciara	Illustration, Concept Art, Sci-Fi, Game Art, Poland	
Utagawa	Kunisada	Drawing, Portrait, Woodcut, Ukiyo-e, Japan, 19th Century	
Akira	Kurosawa	Movie Director, B&W, Japan	
Harvey	Kurtzman	Comic, Mad Magazine, USA	
Yayoi	Kusama	Painting, Sculpture, Pattern, Pop-Art, Japan	
Michael	Kutsche	Illustration, Character Design, Fantasy, Germany	512px + Highres. Fix
Ilya	Kuvshinov	Illustration, Animation, Character Design, Russia	
David	LaChapelle	Photography, Portrait, USA	512px + Highres. Fix
Raphael	Lacoste	Illustration, Concept Art, Game Art, France	
Mikko	Lagerstedt	Photography, Landscape, Finland	
Edwin	Landseer	Painting, Oil, Portrait, Animals, Dogs, Romanticism, UK, 19th Century	
Fitz Henry	Lane	Painting, Oil, Landscape, Marine, USA, 19th Century	
Abigail	Larson	Illustration, Character Design, Watercolor, Ink, Gothic, USA	
Gary	Larson	Author, Illustration, Comic, Cartoon, USA	
Carl	Larsson	Illustration, Watercolor, Sweden, 19th Century	
Maria	Lassnig	Painting, Oil, Portrait, Austria	
Don	Lawrence	Comic, Watercolor, Gouache, UK	
Bastien	Lecouffe-Deharme	Illustration, Sci-Fi, Fantasy, France	
Alan	Lee	Illustration, Concept Art, Tolkien, UK	
Jae	Lee	Comic, DC Comics, Marvel, USA	
Jim	Lee	Comic, DC Comics, Marvel, South Korea, USA	
Paul	Lehr	Illustration, Sci-Fi, Cover Art, USA	
Jeff	Lemire	Illustration, Watercolor, Comic, DC Comics, Marvel, USA	
Aristarkh	Lentulov	Painting, Oil, Cubism, Russia	
Joseph Christian	Leyendecker	Illustration, Art Nouveau, Cover Art, Germany, 19th Century	
André	Lhote	Painting, Oil, Gouache, Portrait, Landscape, Cubism, France	
Roy	Lichtenstein	Painting, Pop-Art, USA	
Rob	Liefeld	Comic, DC Comics, Marvel, USA	
Iwona	Lifsches	Illustration, Painting, Acrylic, Children's Book, Poland, Denmark	
Richard	Lindner	Illustration, Painting, Lithography, Pop-Art, Germany, USA	
	Liniers	Illustration, Comic, Cartoon, Argentina	512px + Highres. Fix
Filippino	Lippi	Painting, Oil, Portrait, Mythology, Italy, 15th Century	
Laurie	Lipton	Illustration, Pencil, Portrait, B&W, USA	
Arthur	Lismer	Painting, Landscape, Oil, Canada	
Michal	Lisowski	Concept Art, Game Art, Poland	
Scott	Listfield	Painting, Oil, USA	
Cory	Loftis	Illustration, Animation, Character Design, Disney, USA	
	Loish (Lois van Baarle)	Illustration, Character Design, Concept Art, Portrait, Netherlands	
Andrew	Loomis	Illustration, Painting, USA	
Didier	Lourenço	Painting, Lithography, Spain	
H.P.	Lovecraft	Author, Horror, USA	
Tom	Lovell	Illustration, Painting, USA	
Maximilien	Luce	Painting, Oil, Pointillism, France	
Margaret	MacDonald Mackintosh	Illustration, Watercolor, Ink, Art Nouveau, UK, 19th Century	
Frances	MacDonald McNair	Illustration, Watercolor, Ink, Art Nouveau, UK, 19th Century	
Bessie (Elizabeth)	MacNicol	Painting, Oil, Portrait, Scotland, UK, 19th Century	
Andrew	Macara	Painting, Oil, UK	
August	Macke	Painting, Oil, Watercolor, Portrait, Landscape, Expressionism, Germany	
Jim (Food One)	Mahfood	Comic, USA	
Hans	Makart	Painting, Oil, Orientalism, Austria, 19th Century	
Alex	Maleew	Illustration, Comic, DC Comics, Marvel, Bulgaria	
Justin	Maller	Illustration, Australia	
Milo	Manara	Illustration, Watercolor, Acrylic, Comic, Graphic Novel, Nudity, Italy	potentially NSFW (Deliberate is with that prompt)
Gregory	Manchess	Illustration, Painting, Oil, Cover Art, USA	
Slawomir	Maniak	Illustration, Concept Art, Cover Art, Fantasy, MTG, Poland	
Jeremy	Mann	Painting, Oil, USA	
Stan	Manoukian	Illustration, Fantasy, France	
Andrea	Mantegna	Painting, Oil, Tempera, Portrait, Mythology, Italy, 15th Century	
Aldus	Manutius	Printer, Woodcut, Engraving, Italy, 15th Century	start with 768px = better/finer details, used DPM++ SDE Karras
Esteban	Maroto	Illustration, Comic, DC Comics, Marvel, Spain	
Chris	Mars	Painting, Oil, Pastel, Cover Art, Horror, USA	
John	Martin	Painting, Oil, UK	
Stephan	Martinière	Illustration, Concept Art, Fantasy, Sci-Fi, France	
Frans	Masereel	Painting, Woodcut, B&W, Belgium	512px + Highres. Fix
Brian	Mashburn	Painting, Ink, Gouache, Watercolor, Landscape, USA	
André	Masson	Painting, Oil, Cubism, Surrealism, USA	
Henri	Matisse	Painting, Oil, Gouache, France	
Rodney	Matthews	Illustration, Fantasy, UK	
David	Mattingly	Illustration, Painting, Fantasy, Sci-Fi, Cover Art, USA	
Dan	Matutina	Illustration, Philippines	
Mike	Mayhew	Illustration, Comic, DC Comics, Marvel, Cover Art, USA	
Cathleen	McAllister	Illustration, Character Design, Concept Art, Game Art, Covert Art, Animation, USA	
Robert T.	McCall	Illustration, Painting, Sci-Fi, Cover Art, USA	
Frank	McCarthy	Illustration, Painting, USA	
Winsor	McCay	Illustration, Comic, Cartoon, Architecture, USA	
Frederick	McCubbin	Painting, Oil, Landscape, Australia, 19th Century	
Todd	McFarlane	Comic, DC Comics, Marvel, Canada	
Barry	McGee	Illustration, Grafitti, Street Art, Sculpture, USA	512px + Highres. Fix
Dave	McKean	Illustration, Comic, Children's Book, UK	
Angus	McKie	Illustration, Sci-Fi, Cover Art, UK	
Seb	McKinnon	Illustration, Fantasy, MTG, Canada	
Dan	McPharlin	Illustration, Concept Art, Sci-Fi, Cover Art, Surrealism, Australia	
Tara	McPherson	Illustration, Painting, USA	
Ralph Angus	McQuarrie	Concept Art, Sci-Fi, Star Wars, USA	
Ian	McQue	Illustration, Concept Art, Sci-Fi, Game Art, Scotland, UK	
Syd	Mead	Industrial Design, Concept Art, Sci-Fi, USA	
Ed	Mell	Painting, Oil, Landscape, USA	
Hans	Memling	Painting, Oil, Portrait, Mythology, Germany, 15th Century	
Eddie	Mendoza	Illustration, Concept Art, Game Art, USA	
Adolph von	Menzel	Illustration, Painting, Oil, Portrait, Realism, Germany	
Maria Sibylla	Merian	Painting, Illustration, Engraving, Botanical, Germany, 17th Century	
Daniel	Merriam	Illustration, Painting, Watercolor, Surrealism, USA	
Antonello da	Messina	Painting, Oil, Portrait, Mythology, Italy, 15th Century	
Jean	Metzinger	Painting, Oil, Guache, Portrait, Landscape, Cubism, France	
Joshua	Middleton	Illustration, Comic, Ink, DC Comics, Marvel, USA	
Mike	Mignola	Comic, Ink, Watercolor, USA	
Gjon	Mili	Photography, Dance, Albania	
Frank	Miller	Comic, DC Comics, Marvel, USA	
Ian	Miller	Illustration, Ink, Watercolor, Fantasy, Gothic, Cover Art, USA	
Russ	Mills	Illustration, Cover Art, UK	
Kentarō	Miura	Illustration, Manga, B&W, Japan	
Hayao	Miyazaki	Movie Director, Anime, Ghibli, Japan	
Bob	Mizer	Photography, Movie Director, Portrait, Pin-Ups, Nudity, USA	NSFW
Junko	Mizuno	Illustration, Manga, Japan	
Amedeo	Modigliani	Painting, Oil, Sculpture, Expressionism, Italy	potentially NSFW
Jean)	Moebius (Giraud	Illustration, Comic, France	
Peter	Mohrbacher	Illustration, Fantasy, USA	
Claude	Monet	Painting, Oil, Landscape, Portrait, Impressionism, France, 19th Century	
Jean-Baptiste	Monge	Illustration, Character Design, Fantasy, Canada	
Chris	Moore	Illustration, Painting, Sci-Fi, Cover Art, UK	weaker on people, had to use [from:to:when] for H.C.
Dan (Chaves)	Mora	Illustration, Comic, Sci-Fi, Fantasy, Costa Rica	
Thomas	Moran	Painting, Oil, Landscape, USA, 19th Century	
Giorgio	Morandi	Painting, Oil, Still Life, Italy	
Gustave	Moreau	Painting, Oil, Symbolism, Nudity, France, 19th Century	
Henry	Moret	Painting, Oil, Landscape, Marine, Impressionism, France, 19th Century	
Berthe	Morisot	Painting, Oil, Portrait, France, 19th Century	
Hishikawa	Moronobu	Painting, Ukiyo-e, Japan, 17th Century	
Stefan	Morrell	Illustration, Character Design, Concept Art, Game Art, USA	
William	Morris	Illustration, Painting, Print, Wallpaper, UK, 19th Century	512px + Highres. Fix
Alberto	Morrocco	Painting, Oil, Scotland, UK	
Igor	Morski	Illustration, Photo Manipulation, Surrealism, Poland	
John Kenn	Mortensen	Illustration, Denmark	
William	Mortensen	Photography, Portrait, Glamour, B&W, USA	
Victor	Moscoso	Comic, Poster, Psychedelic Art, Lithography, Spain, USA	512px + Highres. Fix, Euler A
Olly	Moss	Illustration, Concept Art, Poster, USA	
Alfons (Alphonse)	Mucha	Illustration, Art Nouveau, Czech Republic, 19th Century	
Craig	Mullins	Illustration, Game Art, USA	
Dan	Mumford	Illustration, Cover Art, UK	512px + Highres. Fix, low denoising strength
Bruno	Munari	Illustration, Graphic Design, Italy	
Edvard	Munch	Painting, Oil, Expressionism, Symbolism, Norway, 19th Century	
Will	Murai	Illustration, Blizzard, Hearthstone, MTG, USA	
Takashi	Murakami	Illustration, Visual Arts, Superflat, Japan	
Yusuke	Murata	Illustration, Manga, Japan	
Hiroshi	Nagai	Illustration, Landscape, Japan	
Kazumasa	Nagai	Illustration, Graphic Design, Poster, Japan	
Patrick	Nagel	Illustration, Painting, Cover Art, Flat Style, Portrait, USA	
Scott	Naismith	Painting, Landscape, Oil, Scotland, UK	
Ted	Nasmith	Illustration, Concept Art, Tolkien, Canada	
Alexander	Nasmyth	Painting, Oil, Landscape, Scotland, UK, 18th Century	
Alice	Neel	Painting, Oil, Portrait, Expressionism, USA	
Keith	Negley	Illustration, Cover Art, Flat Style, USA	
Kadir	Nelson	Illustration, Painting, Portrait, Cover Art, USA	
R. Kenton	Nelson	Painting, USA	
Odd	Nerdrum	Painting, Oil, Lithography, Portrait, Norway	
Jane	Newland	Illustration, Watercolor, Flat Style, UK	
Victo	Ngai	Illustration, Children's Book, USA	
Dustin	Nguyen	Comic, DC Comics, USA	
Kay	Nielsen	Illustration, Disney, Denmark	
Tsutomu	Nihei	Illustration, Manga, Sci-Fi, Japan	
Yasushi	Nirasawa	Illustration, Character Design, Japan	512px + Highres. Fix
Victor	Nizovtsev	Painting, Russia	
Catherine	Nolin	Painting, Acrylic, Oil, Portrait, Interior, USA	
Earl	Norem	Illustration, Comic, Poster, Cover Art, Marvel, USA	
Marianne	North	Painting, Landscape, Botanical, UK, 19th Century	
Thornton	Oakley	Illustration, Charcoal, Gouache, Watercolor, USA	
Chris	Ofili	Painting, Watercolor, Charcoal, UK	
Eiko	Ojala	Illustration, Cover Art, Flat Style, Estonia	512px + Highres. Fix
Margaret	Olley	Painting, Oil, Still Life, Botanical, Australia	
Atelier	Olschinsky	Illustration, 3D, Sci-Fi, Austria	
Oleg	Oprisco	Photography, Portrait, Ukraine	
Katsuhiro	Otomo	Illustration, Manga, Japan	
Shohei	Otomo	Illustration, Ink, B&W, Japan	
Siya	Oum	Comic, DC Comics, Marvel, USA	
Georgia	O’Keeffe	Painting, Oil, USA	
	P.A. Works	Anime, Japan	
Gary	Panter	Illustration, Painting, Comic, Author, Acrylic, Ink, USA	
Eduardo	Paolozzi	Illustration, Lithography, Collage, Pop-Art, Scotland, UK	
Gerald	Parel	Illustration, Game Art, Germany	
	Parmigianino	Painting, Oil, Portrait, Mythology, Italy, 16th Century	clothes might be wrong
Maxfield	Parrish	Illustration, Painting, Oil, USA	
Edward Francis	Paschke	Painting, Oil, Portrait, Expressionism, Abstract, USA	
Bob	Peak	Illustration, Poster, Cover Art, USA	
Clara	Peeters	Painting, Oil, Still Life, Belgium	
Guo	Pei	Fashion Designer, Fashion, China	
Bruce	Pennington	Painting, Fantasy, Sci-Fi, UK	
John	Perceval	Painting, Australia	
Cleon	Peterson	Painting, Acrylic, Print, B&W, USA	start with 768px = better/finer details, used 30 steps, use [from:to:when] for H.C.
Nikolina	Petolas	Illustration, Painting, Photography, Concept Art, Croatia	
Coles	Phillips	Illustration, Watercolor, USA	512px + Highres. Fix
Sean	Phillips	Illustration, Comic, DC Comics, Marvel, UK	
Francis-Marie Martinez	Picabia	Painting, Oil, Watercolor, Portrait, Dada, Surrealism, Cubism, France	looks different in 768px+, had to use [from:to:when] for H.C.
Gabriel	Picolo	Illustration, Comic, DC Comics, Blizzard, Brazil	
Anton Franciscus	Pieck	Illustration, Painting, Watercolor, Ink, Gouache, Netherlands	
Jerry	Pinkney	Illustration, Watercolor, Children's Book, USA	
Maximilian	Pirner	Illustration, Painting, Oil, Czech Republic	
Jackson	Pollock	Painting, Expressionism, USA	
Jacopo da	Pontormo	Painting, Oil, Portrait, Mythology, Italy, 16th Century	looks nice, but lots of extra hands
Paul	Pope	Comic, DC Comics, USA	
Fairfield	Porter	Painting, Oil, Portrait, USA	
Candido	Portinari	Painting, Oil, Portrait, Brazil	
Simón	Prades	Illustration, Ink, Germany	
Gediminas	Pranckevicius	Illustration, Animation, Concept Art, Lithuania	
Hugo	Pratt	Illustration, Watercolor, Ink, Comic, Graphic Novel, Italy	
Theo	Prins	Concept Art, USA	
Dod	Procter	Painting, Oil, Portrait, UK	
Ernest	Procter	Painting, Oil, Portrait, UK	way different, but looks nice - fits better with Dod Procter's style
Alice	Provensen	Illustration, Children's Book, USA	
Steve	Purcell	Comic, Animation, Character Design, Game Art, USA	
Leo	Putz	Painting, Oil, Portrait, Italy	
	Q Hayashida (Hayashida Kyū)	Illustration, Manga, Horror, Japan	
Frank	Quitely	Illustration, Comic, DC Comics, Marvel, Cover Art, Scotland, UK	
Arthur	Rackham	Illustration, Watercolor, Ink, Children's Book, Art Nouveau, UK, 19th Century	
Henry Patrick	Raleigh	Illustration, Watercolor, Charcoal, USA	
Humberto	Ramos	Illustration, Comic, DC Comics, Marvel, Cover Art, Mexico	DPM++ SDE Karras
Paul	Rand	Illustration, Graphic Design, Logo, USA	
	Raphael (Raffaello Sanzio da Urbino)	Painting, Oil, Portrait, Mythology, Italy, 15th Century	
	Ravi Zupa	Illustration, Painting, Print, USA	start with 768px = better/finer details, used 30 steps
Jakub	Rebelka	Illustration, Concept Art, Poland	
Odilon	Redon	Painting, Symbolism, France, 19th Century	
Anne	Redpath	Painting, Oil, Still Life, Landscape, Scotland, UK	
Lotte	Reiniger	Movie Director, Animation, Silhouette, B&W, Germany	
	Rembrandt (van Rijn)	Painting, Oil, Portrait, Baroque, Netherlands, 17th Century	unflexible/difficult to prompt
Andrey	Remnev	Painting, Oil, Portrait, Russia	
Pierre-Auguste	Renoir	Painting, Oil, Portrait, Impressionism, France, 19th Century	feels a bit blurry and generic
Ilya/Ilja	Repin	Painting, Oil, Portrait, Ukraine, 19th Century	
Zac	Retz	Illustration, Animation, Concept Art, Character Design, USA	might not be destinct enough, digital style with contemporary context
	Rhads (Artem Chebokha)	Illustration, Landscape, Russia	
Louis	Rhead	Illustration, Poster, Art Nouveau, B&W, UK, USA	
Matt	Rhodes	Illustration, Concept Art, Game Art, USA	
Hyacinthe	Rigaud	Painting, Oil, Portrait, Baroque, France, 17th Century	
Jovana	Rikalo	Photography, Portrait, Serbia	
Bridget	Riley	Illustration, Painting, Op-Art, Geometry, Pattern, UK	
Faith	Ringgold	Painting, Oil, Acrylic, USA	
Jean-Paul	Riopelle	Painting, Oil, Expressionism, Abstract, USA	
Diego	Rivera	Painting, Portrait, Muralismo, Realism, Mexico	
Trina	Robbins	Illustration, Comic, DC Comics, Marvel, B&W, USA	
Albert	Robida	Illustration, Painting, Lithography, France, 19th Century	
William Heath	Robinson	Illustration, Ink, Watercolor, Cartoon, USA	
Andreas	Rocha	Concept Art, Fantasy, Sci-Fi, Portugal	
Norman	Rockwell	Illustration, Painting, Cover Art, USA	
Nicholas	Roerich	Painting, Tempera, Landscape, Symbolism, Russia, 19th Century	
Cyril	Rolando	Illustration, France	
Conrad	Roset	Illustration, Painting, Ink, Watercolor, Spain	
Alex	Ross	Painting, Gouache, Comic, DC Comics, Marvel, Poster, USA	
Jessica	Rossier	Concept Art, Landscape, France	
Mark	Rothko	Painting, Oil, Abstract, Expressionism, Russia, USA	
Henri	Rousseau	Painting, Oil, Landscape, Botanical, Naive Art, France, 19th Century	
Paolo	Roversi	Photography, Fashion, Italy	
João	Ruas	Illustration, Horror, Brazil	
Peter Paul	Rubens	Painting, Oil, Portrait, Mythology, Flemish, 17th Century	also known for curvy (naked) women and putti
Grzegorz (Greg)	Rutkowski	Illustration, Concept Art, Fantasy, Poland	
Rachel	Ruysch	Painting, Oil, Still Life, Botanical, Netherlands, 17th Century	
Mark	Ryden	Painting, USA	
Albert Pinkham	Ryder	Painting, Oil, Landscape, USA, 19th Century	
	Ryohei Hase	Illustration, Cover Art, Horror, Japan	
Théo van	Rysselberghe	Painting, Oil, Pointillism, Belgium	
Cornelis	Saftleven	Painting, Oil, Landscape, Portrait, Netherlands, 17th Century	
Amanda	Sage	Painting, Oil, Psychedelic Art, USA	
Apollonia	Saintclair	Illustration, Ink, Nudity, B&W, France	
John	Salminen	Illustration, Watercolor, Landscape, USA	
Nicola	Samorì	Painting, Oil, Sculpture, Italy	
Tony	Sandoval	Illustration, Watercolor, USA	
John Singer	Sargent	Painting, Oil, Watercolor, Portrait, USA, 19th Century	
Arthur	Sarnoff	Illustration, Painting, Oil, Portrait, Cover Art, USA	
Sylvain	Sarrailh	Illustration, Concept Art, Game Art, France	
Andrea del	Sarto	Painting, Oil, Portrait, Mythology, Italy, 16th Century	
Martiros	Saryan	Painting, Oil, Tempera, Landscape, Russia, Armenia	
Alexei	Savrasov	Painting, Oil, Landscape, Russia, 19th Century	
Richard	Scarry	Illustration, Watercolor, Children's Book, USA	
Godfried	Schalcken	Painting, Oil, Portrait, Netherlands, 17th Century	Godefridus and Godfried both work, but the results of Godfried seem a bit nicer
Thomas W.	Schaller	Painting, Watercolor, Architecture, Cityscape, USA	
Paula	Scher	Illustration, Graphic Design, Painting, USA	
Egon	Schiele	Illustration, Painting, Oil, Portrait, Expressionism, Austria	
Helene	Schjerfbeck	Painting, Oil, Portrait, Realism, Finland, 19th Century	
Martin	Schoeller	Photography, Portrait, Germany	
John Carl	Schoenherr	Illustration, Children's Book, Sci-Fi, Dune, USA	
Alex	Schomburg	Illustration, Comic, Marvel, Cover Art, Puerto Rico, USA	512px + Highres. Fix, DPM++ SDE Karras, a lot of cover art in training data = text everywhere
Martin	Schongauer	Painting, Illustration, Engraving, Mythology, Germany, 15th Century	
Otto Marseus van	Schrieck	Painting, Oil, Still Life, Botanical, Netherlands, 17th Century	
François	Schuiten	Comic, Graphic Novel, Belgium	
Carlos	Schwabe	Illustration, Painting, Art Nouveau, Germany, 19th Century	
Kurt	Schwitters	Painting, Oil, Watercolor, Collage, Dada, Surrealism, Germany, UK	had to use [from:to:when] for H.C.
Susan	Seddon-Boulet	Painting, Ink, Brazil	
Guillaume	Seignac	Painting, Oil, Portrait, France	
Anton	Semenov	Illustration, Horror, Russia	
Georges	Seurat	Painting, Oil, Pointillism, France	
Marie	Severin	Comic, DC Comics, Marvel, USA	
Alberto	Seveso	Illustration, Photography, Portrait, UK	
Brooke	Shaden	Photography, Portrait, USA	needs big images (face)
Barclay	Shaw	Painting, Acrylic, Fantasy, Sci-Fi, Cover Art, USA	
Ernest Howard	Shepard	Illustrator, Painting, Winnie-the-Pooh, UK	
Cynthia	Sheppard	Illustration, MTG, USA	
Tyler	Shields	Photography, Portrait, USA	512px + Highres. Fix (1024)
Yuko	Shimizu	Illustration, USA	
Makoto	Shinkai	Anime, Japan	
Yōji	Shinkawa	Illustration, Concept Art, Japan	
Everett	Shinn	Illustration, Painting, Oil, Watercolor, USA	
Masamune	Shirow	Illustration, Manga, Sci-Fi, Japan	
Emmanuel	Shiu	Concept Art, Sci-Fi, USA	
Henryk	Siemiradzki	Painting, Oil, Portrait, Mythology, Ukraine, Poland, 19th Century	
Bill	Sienkiewicz	Illustration, Comic, DC Comics, Marvel, USA	
Paul	Signac	Painting, Oil, Pointillism, France	
Marc	Silvestri	Comic, DC Comics, Marvel, USA	
Greg	Simkins	Painting, Acrylic, Graffiti, USA	
Marc	Simonetti	Illustration, Concept Art, Game Art, France	
David Alfaro	Siqueiros	Painting, Portrait, Muralismo, Realism, Mexico	
Kevin	Sloan	Painting, Oil, USA	
Grace Cossington	Smith	Painting, Oil, Australia	
Chaim	Soutine	Painting, Oil, Portrait, Expressionism, Belarus, France	
Austin Osman	Spare	Illustration, Painting, Chalk, Pastel, Art Nouveau, Symbolism, Occultism, UK	
	Sparth	Illustration, Concept Art, Game Art, Sci-Fi, USA	
Chuck	Sperry	Illustration, Screen Print, Portrait, USA	
Sam	Spratt	Illustration, Painting, USA	
Ralph	Steadman	Author, Illustration, Comic, Cartoon, UK	
Brian	Stelfreeze	Comic, DC Comics, Marvel, USA	
Alfred	Stieglitz	Photography, Portrait, B&W, USA, 19th Century	
James	Stokoe	Comic, DC Comics, Marvel, Canada	
Arthur Ernest	Streeton	Painting, Oil, Watercolor, Landscape, Australia, 19th Century	
Drew	Struzan	Illustration, Poster, USA	
Tomasz	Strzalkowski	3D, Character Design, Game Art, Poland	
Simon	Stålenhag	Concept Art, Sci-Fi, Sweden	
Ken	Sugimori	Illustration, Game Art, Pokemon, Japan	
Graham	Sutherland	Painting, Oil, Gouache, Expressionism, UK	
Arthur	Suydam	Illustration, Comic, Marvel, USA	
Raymond	Swanland	Illustration, Concept Art, Sci-Fi, Fantasy, Game Art, MTG, USA	
Peter de	Sève	Illustration, Animation, Cover Art, USA	
Hiroyuki-Mitsume	Takahashi	Illustration, Comic, Japan	
Kazuya	Takahashi	Illustration, Game Art, Japan	
Rumiko	Takahashi	Illustration, Manga, Japan	
Rufino	Tamayo	Painting, Oil, Cubism, Surrealism, Abstract, Mexico	
Shaun	Tan	Illustration, Painting, Ink, Oil, Australia	
Henry Ossawa	Tanner	Painting, Oil, Portrait, USA, 19th Century	
Genndy	Tartakovsky	Illustration, Animation, Character Design, TV, Russia, USA	Highres. Fix, DPM2++ Karas
Ben	Templesmith	Illustration, Comic, Australia	
Sachin	Teng	Illustration, Comic, Poster, Cover Art, USA	
Gustaf	Tenggren	Illustration, Disney, USA	
Saul	Tepper	Illustration, Painting, Oil, Portrait, USA	
Katsuya	Terada	Illustration, Japan	
Howard	Terpning	Illustration, Painting, Oil, Portrait, Landscape, Realism, USA	
Osamu	Tezuka	Illustration, Manga, Japan	512px + Highres. Fix, DPM++ SDE Karras
Abbott Handerson	Thayer	Painting, Oil, Portrait, USA, 19th Century	
Karel	Thole	Illustration, Painting, Netherlands	
Mickalene	Thomas	Painting, Acrylic, Photography, Collage, USA	
Craig	Thompson	Comic, Graphic Novel, Ink, B&W, USA	512px + Highres. Fix
Tom	Thomson	Painting, Oil, Landscape, Canada, 19th Century	
Giovanni	Tiepolo	Painting, Oil, 18th Century	
Alex	Timmermans	Photography, Netherlands	
	Titian (Tiziano Vecelli)	Painting, Oil, Portrait, Mythology, Italy, 16th Century	
Adrian	Tomine	Illustration, Comic, Cover Art, USA	
Ori	Toor	Illustration, Israel	
Akira	Toriyama	Illustration, Manga, Anime, DragonBall, Japan	512px + Highres. Fix, DPM++ SDE Karras
Alex	Toth	Comic, DC Comics, B&W, USA	
Henri de	Toulouse-Lautrec	Illustration, Painting, France, 19th Century	
Ross (RossDraws)	Tran	Illustration, Character Design, Concept Art, Portrait, USA	
William	Turner	Painting, Oil, Watercolor, Landscape, Romanticism, UK, 19th Century	
Chris	Turnham	Illustration, USA	
David	Tutwiler	Painting, Oil, Watercolor, Landscape, USA	
Tadahiro	Uesugi	Illustration, Japan	
Euan	Uglow	Painting, Oil, Still Life, Portrait, UK	
Daniela	Uhlig	Illustration, Character Design, Game Art, Germany	
Halil	Ural	Illustration, Concept Art, Game Art, Turkey	
Jan	Urschel	Illustration, Concept Art, Sci-Fi, Game Art, Germany	
Boris	Vallejo	Illustration, Painting, Cover Art, Poster, Pin-Ups, Fantasy, Peru, USA	768px + Highres. Fix, DPM++ SDE Karras
Vincent Willem	Van Gogh	Painting, Oil, Pointillism, Netherlands, 19th Century	when used alone, tends to be a bit inflexible (starry night clouds, his face structure in portraits)
Alberto	Vargas	Illustration, Pin-Ups, USA	
Victor	Vasarely	Illustration, Painting, Op-Art, Geometry, Pattern, Hungary, France	had to use [from:to:when] for H.C.
Brian K.	Vaughan	Comic, Graphic Novel, DC Comics, Marvel, USA	
Diego	Velázquez	Painting, Oil, Portrait, Baroque, Spain, 17th Century	sometimes guitars
Vasily	Vereshchagin	Painting, Oil, Realism, Orientalism, Russia, 19th Century	512px + Highres. Fix
Jan	Vermeer	Painting, Oil, Portrait, Baroque, Netherlands, 17th Century	
Andrea del	Verrocchio	Painting, Oil, Italy, 15th Century	
Andreas	Vesalius	Author, Illustration, Anatomy, Engraving, Woodcut, Belgium, 16th Century	
Charles	Vess	Comic, Fantasy, USA	512px + Highres. Fix
Élisabeth	Vigée-Lebrun	Painting, Oil, Portrait, Rococo, France, 18th Century	difficult to prompt men
Louis	Wain	Illustration, Painting, Ink, Watercolor, Gouache, Cat, UK, 19th Century	
Camille	Walala	Illustration, Painting, Visual Arts, Pattern, France	
Alfons	Walde	Painting, Oil, Landscape, Austria	
Alfred	Wallis	Painting, Landscape, UK	
Lynd	Ward	Author, Illustration, Children's Book, Graphic Novel, Woodcut, Engraving, USA	
Andy	Warhol	Painting, Pop-Art, USA	
John William	Waterhouse	Painting, Oil, Portrait, UK, 19th Century	
Jean-Antoine	Watteau	Painting, Oil, Portrait, Rococo, France, 18th Century	
George Frederic	Watts	Painting, Oil, Symbolism, UK, 19th Century	
Joe	Webb	Collage, Print, UK	
Edwin Lord	Weeks	Illustration, Painting, Orientalism, USA	
Johan Hendrik	Weissenbruch	Painting, Oil, Watercolor, Landscape, Netherlands, 19th Century	
Casey	Weldon	Painting, Acrylic, Surrealism, USA	
Catrin	Welz-Stein	Illustration, Graphic Design, Surrealism, Germany	
Tom (Strongstuff)	Whalen	Illustration, USA	
Michael	Whelan	Illustration, Fantasy, Sci-Fi, USA	512px + Highres. Fix
Jon	Whitcomb	Illustration, Painting, Oil, Gouache, Poster, USA	
Coby	Whitmore	Illustration, Painting, Cover Art, USA	
Peter	Wileman	Painting, Oil, Landscape, Abstract, UK	
Kehinde	Wiley	Painting, Oil, Portrait, USA	
Edward Blair	Wilkins	Illustration, Painting, Sci-Fi, Cover Art	
Al	Williamson	Comic, USA	
Carel	Willink	Painting, Oil, Portrait, Cityscape, Architecture, Realism, Netherlands	start with 768px
Barry	Windsor-Smith	Comic, DC Comics, Marvel, B&W, UK	
Franz Xaver	Winterhalter	Painting, Oil, Portrait, Germany, 19th Century	
Nathan	Wirth	Photography, Landscape, B&W, USA	
	Wlop	Illustration, China	
Brandon	Woelfel	Photography, Portrait, USA	
Liam	Wong	Photography, Game Art, Scotland, UK	
Ashley	Wood	Illustration, Comic, Painting, Ink, Australia	
Grant	Wood	Painting, Oil, Tempera, Portrait, USA	
Zao	Wou-Ki	Painting, Ink, Aquatint, China	
Bernie	Wrightson	Comic, DC Comics, Marvel, B&W, USA	
Andrew	Wyeth	Painting, Oil, Watercolor, Gouache, Portrait, Landscape, Realism, USA	
Zhelong	Xu	Illustration, 3D, China	
Hannah	Yata	Painting, Oil, Psychedelic Art, Surrealism, USA	
Liu	Ye	Painting, China	
Bunny	Yeager	Photography, Portrait, Pin-Ups, Nudity, USA	lots of boobs and nudity, even with the keywords in the NP
Jacek	Yerka	Illustration, Painting, Surrealism, Poland	
Tadanori	Yokoo	Illustration, Graphic Design, Poster, Japan	
Sean (HULA)	Yoro	Painting, Street Art, Portrait, USA	
Akihiko	Yoshida	Illustration, Character Design, Game Art, Japan	
Hiroshi	Yoshida	Painting, Landscape, Japan	
Skottie	Young	Illustration, Comic, Children's Book, Marvel, USA	
Darek	Zabrocki	Illustration, Concept Art, Fantasy, Sci-Fi, Poland	
Ossip	Zadkine	Painting, Oil, Cubism, Belarus	
Eytan	Zana	Illustration, Concept Art, Game Art, USA	
Eric	Zener	Painting, Oil, Portrait, Realism, USA	not easy to prompt, needed 'sunglasses' and 't-shirt' in NP
Fenghua	Zhong	Illustration, China	
William	Zorach	Painting, Oil, Watercolor, Portrait, Sculpture, Cubism, Lithuania, USA	
Anders	Zorn	Painting, Watercolor, Portrait, Sweden, 19th Century	
Ignacio	Zuloaga	Painting, Oil, Portrait, Spain	